Title,Channel,Views,Uploaded,URL
Python Full Course for Beginners,Programming with Mosh,44M views,6 years ago,https://www.youtube.com/watch?v=_uQrJ0TkZlc&t=109s&pp=ygUPUHl0aG9uIFR1dG9yaWFs
Python Tutorial For Beginners in Hindi | Complete Python Course üî•,CodeWithHarry,9.7M views,1 year ago,https://www.youtube.com/watch?v=UrsmFxEIp5k&pp=ygUPUHl0aG9uIFR1dG9yaWFs0gcJCb4JAYcqIYzv
Learn Python - Full Course for Beginners [Tutorial],freeCodeCamp.org,46M views,6 years ago,https://www.youtube.com/watch?v=rfscVS0vtbw&pp=ygUPUHl0aG9uIFR1dG9yaWFs
Learn Python for FREE in 2025,Sajjaad Khader,291K views,5 months ago,https://www.youtube.com/shorts/q2-pnQffZik
Python Full Course For Beginners| Job Ready Python Course by Sagar Chouksey üî•,Coding With Sagar,257K views,4 months ago,https://www.youtube.com/watch?v=gPvYox9JIYI&pp=ygUPUHl0aG9uIFR1dG9yaWFs
Python Full Course For Beginners [Tutorial] 2023 | Python One Shot | College Wallah,College Wallah,2.2M views,1 year ago,https://www.youtube.com/watch?v=XnSasPR2KJI&pp=ygUPUHl0aG9uIFR1dG9yaWFs
Duckett Hundred Inspires 5-Wicket Win! | Highlights - England v India Day 5 | Rothesay Test 2025,England & Wales Cricket Board,130K views,1 hour ago,https://www.youtube.com/watch?v=ilYFfR9eeNU&pp=ygUPUHl0aG9uIFR1dG9yaWFs
How I Would Learn Python FAST (if I could start over),Thu Vu,1.1M views,1 year ago,https://www.youtube.com/watch?v=St48epdRDZw&t=723s&pp=ygUPUHl0aG9uIFR1dG9yaWFs
Python Tutorial for Beginners - Full Course (with Notes & Practice Questions),Apna College,7.8M views,1 year ago,https://www.youtube.com/watch?v=ERCMXc8x7mc&pp=ygUPUHl0aG9uIFR1dG9yaWFs
Python Tutorial for Beginners | Learn Python in 1.5 Hours,Apna College,11M views,3 years ago,https://www.youtube.com/watch?v=vLqTf2b6GZw&pp=ygUPUHl0aG9uIFR1dG9yaWFs
Day 9 of 15 Days Python Tutorial üöÄ | Looping through List #pythontutorial #learnpython,Sarang,894 views,1 day ago,https://www.youtube.com/shorts/ThklY3Y9eYM
Python Tutorial for Beginners - Learn Python in 5 Hours [FULL COURSE],TechWorld with Nana,6.3M views,4 years ago,https://www.youtube.com/watch?v=t8pPdKYpowI&pp=ygUPUHl0aG9uIFR1dG9yaWFs
Python Tutorial for Beginners (with mini-projects),freeCodeCamp.org,856K views,1 year ago,https://www.youtube.com/watch?v=qwAFL1597eM&pp=ygUPUHl0aG9uIFR1dG9yaWFs0gcJCb4JAYcqIYzv
üë©‚Äçüíª Python for Beginners Tutorial,Kevin Stratvert,3.7M views,4 years ago,https://www.youtube.com/watch?v=b093aqAZiPU&pp=ygUPUHl0aG9uIFR1dG9yaWFs
Python Full Course for Beginners [2025],Programming with Mosh,1.6M views,4 months ago,https://www.youtube.com/watch?v=K5KVEU3aaeQ&t=56s&pp=ygUPUHl0aG9uIFR1dG9yaWFs
Python Tutorial in 30 Minutes (Crash Course for Absolute Beginners),thenewboston,175K views,4 years ago,https://www.youtube.com/watch?v=WEm3EUdicDg&pp=ygUPUHl0aG9uIFR1dG9yaWFs
Python for Beginners ‚Äì Full Course [Programming Tutorial],freeCodeCamp.org,3.4M views,2 years ago,https://www.youtube.com/watch?v=eWRfhZUzrAc&pp=ygUPUHl0aG9uIFR1dG9yaWFs
Amazing Rotating Python Graphics Design using Turtle üê¢ #python #pythonshorts #coding #viral #design,DEV19,1.5M views,2 years ago,https://www.youtube.com/shorts/P5An-rTtM_k
Amazing Flower Design using Python turtle üê¢ #python #coding #funny #viral #trending #design,DEV19,952K views,2 years ago,https://www.youtube.com/shorts/W-8j4MrsX2s
Python in 100 Seconds,Fireship,2.8M views,3 years ago,https://www.youtube.com/watch?v=x7X9w_GIm1s&t=12s&pp=ygUPUHl0aG9uIFR1dG9yaWFs
Python Basics: Your FIRST Program in Under a Minute! üöÄ,The Programmers Realm,285K views,1 year ago,https://www.youtube.com/shorts/nluUYtejoIE
"Python Tutorial in Hindi #14 - Lambda Functions | Map, Filter & Reduce",Mohit Decodes,14 views,7 hours ago,https://www.youtube.com/watch?v=sE0AfNiGFeU&pp=ygUPUHl0aG9uIFR1dG9yaWFs
PYTHON PROGRAMMING MASTERY | FUNCTION | LAMBDA FUNCTION | HINDI TUTORIAL | SESSION-10,Elevate Coders,5 views,10 hours ago,https://www.youtube.com/watch?v=pQEyQ1E6WRA&pp=ygUPUHl0aG9uIFR1dG9yaWFs
Python Error Handling Explained | try & except Tutorial for Beginners | Class 16 | Saylani Batch 17,Nasir Hussain,3 views,2 hours ago,https://www.youtube.com/watch?v=aVIXQnfMVqk&pp=ygUPUHl0aG9uIFR1dG9yaWFs
Build a Pong Game in Python ‚Äì Beginner Tutorial (No Experience Needed!),Brilliant Rodgers,148 views,22 hours ago,https://www.youtube.com/watch?v=WFvDrQNmp34&pp=ygUPUHl0aG9uIFR1dG9yaWFs
AZURE DATA ENGINEERING tutorials || Demo - 2 || by Mr. N. Vijay Sunder Sagar On 24-06-2025 @6PM IST,Durga Software Solutions,94 views,3 hours ago,https://www.youtube.com/watch?v=pDMicZbYkHI&pp=ygUPUHl0aG9uIFR1dG9yaWFs
Function Arguments In Python | Python Tutorial For Beginners | Day 3 | K21Academy,K21Academy,27 views,8 hours ago,https://www.youtube.com/watch?v=r90na4U6bjk&pp=ygUPUHl0aG9uIFR1dG9yaWFs
PYTHON PROGRAMMING MASTERY | REVERSE OF A NUMBER | HINDI TUTORIAL | SESSION-9,Elevate Coders,4 views,10 hours ago,https://www.youtube.com/watch?v=MRTsyFahGK8&pp=ygUPUHl0aG9uIFR1dG9yaWFs
Turn Any Text into Speech with 3 Lines of Python Code Using Google‚Äôs gTTS (Free & Easy!),Data Science with Onur,24 views,4 hours ago,https://www.youtube.com/watch?v=9sPeWFSzLH4&pp=ygUPUHl0aG9uIFR1dG9yaWFs
Advanced Data Cleaning with Pandas | Python Tutorial for Data Science,MCAL Global Hindi,1 view,5 hours ago,https://www.youtube.com/watch?v=8x3BB088BEg&pp=ygUPUHl0aG9uIFR1dG9yaWFs
"Python Tutorial - 2 | Variable , Assign multiple variable with short program üòØüòØ",phpecho,14 views,6 hours ago,https://www.youtube.com/watch?v=tXFd99N0FZk&pp=ygUPUHl0aG9uIFR1dG9yaWFs
Python In Kannada - #01 Introduction | Python Full Tutorial | Python For Beginners| #pythontutorial,PythonFreeCodeCamp,No views,6 hours ago,https://www.youtube.com/watch?v=SE4n2UzS3nc&pp=ygUPUHl0aG9uIFR1dG9yaWFs
3. Data Types and Input & Output in Python. Python Tutorial in Tamil For Beginners.,Ajithkumar B,152 views,7 hours ago,https://www.youtube.com/watch?v=kpPpcTjZCr8&pp=ygUPUHl0aG9uIFR1dG9yaWFs
Statistics for Data Science with Python | Descriptive Stats Tutorial,MCAL Global Hindi,"Premieres 6/25/25, 8:00‚ÄØPM",,https://www.youtube.com/watch?v=wo3UvvZRNlU&pp=ygUPUHl0aG9uIFR1dG9yaWFs
What is Histogram Plot | Matplotlib Tutorial for EDA in Python,AI with Noor,15 views,7 hours ago,https://www.youtube.com/watch?v=_Vy34wO02OE&pp=ygUPUHl0aG9uIFR1dG9yaWFs
FUNCTIONS IN PYTHON IN MALAYALAM # tutorial #malayalam #video #python #programming,VINXL Tech Malayalam,"Premieres 6/26/25, 5:00‚ÄØAM",,https://www.youtube.com/watch?v=awmfCCv6Wdk&pp=ygUPUHl0aG9uIFR1dG9yaWFs
Part-4 | Pip using and module installation. Full Beginner üî∞ python tutorial.,Move with hari (CodedFacts),"Premieres 6/26/25, 9:00‚ÄØAM",,https://www.youtube.com/watch?v=mnLmNsYQN_0&pp=ygUPUHl0aG9uIFR1dG9yaWFs
Python Tutorial Episode 2,Fear Of Fail,3 views,4 hours ago,https://www.youtube.com/watch?v=wvE0SrXohEU&pp=ygUPUHl0aG9uIFR1dG9yaWFs
Python Tutorial for Beginners #8 | Functions & Lambda Function | Python Ka Safar,Codegyan With Harsh,No views,7 hours ago,https://www.youtube.com/watch?v=P1eBu8EEQU0&pp=ygUPUHl0aG9uIFR1dG9yaWFs
"Local, Global, Nonlocal with Examples | Python Tutorial 2025 | Python Variable Scope | Tuta Tech",Tuta Tech,5 views,10 hours ago,https://www.youtube.com/watch?v=vBRM-A_Ij0Q&pp=ygUPUHl0aG9uIFR1dG9yaWFs
Python Arrays Explained | Full Tutorial with Methods & Examples for Beginners,ABroot,No views,7 hours ago,https://www.youtube.com/watch?v=5xyamNvmskA&pp=ygUPUHl0aG9uIFR1dG9yaWFs
How to Learn Python Fast in 2024? | Learn Python With ChatGPT | Intellipaat #Shorts #Python #ChatGPT,Intellipaat,251K views,7 months ago,https://www.youtube.com/shorts/-qiMuTAnnlU
How to create graphics using Python turtle üêçüê¢ #coding,Fun with Python,1.6M views,2 years ago,https://www.youtube.com/shorts/eaMDDseIL7E
Python courses for Beginners (FREE),Broke Brothers,525K views,1 year ago,https://www.youtube.com/shorts/vMV1s-1BKvc
Master Python easilyüò≥Evlo easy Python programming languageüî•,Curious Freaks,150K views,11 months ago,https://www.youtube.com/shorts/Z8nKqEERsn8
Python Syllabus | Python for Beginners | Complete Python Course #pythonlearning,SHRAY SALVI,286K views,1 year ago,https://www.youtube.com/shorts/WCM65ION4nE
How to visualize data with Python in Excel. ü§Ø #excel  #python #tutorial,Excel Dictionary,29K views,1 year ago,https://www.youtube.com/shorts/EmxXYzX6iEs
Pygame - Display Image in Pygame python || Pygame python tutorial #python #pygame,Creativewiz,229K views,1 year ago,https://www.youtube.com/shorts/dZ8VrmzYL2A
I learned python so I can do this...,Code with Vincent,866K views,2 years ago,https://www.youtube.com/shorts/l5MlhRSpfSI
"Python Roadmap for Beginners! üêç Learn Python Programming Step-by-Step"" #python #conding",Mission Adda,897K views,1 year ago,https://www.youtube.com/shorts/IfKlGhRc7Dc
Python code in hindi for beginners|apna college|python tutorial for beginners.,Monu institute,347K views,5 months ago,https://www.youtube.com/shorts/tJ39Bf4OvrI
how to run python code on MacBook / python tutorial/ #python #macbook #youtubeshorts #shorts,Funwithshubham,23K views,2 years ago,https://www.youtube.com/shorts/mXYHbssCa7c
Python Full Course for free üêç (2024),Bro Code,4.8M views,10 months ago,https://www.youtube.com/watch?v=ix9cRaBkVe0&pp=ygUPUHl0aG9uIFR1dG9yaWFs
Decorator in Python? #14 #python #pythontutorial,Learn Technology,33K views,1 year ago,https://www.youtube.com/shorts/dpGf_Aa74pY
AI overcomes her Programming,Neuro-sama,3.4M views,7 months ago,https://www.youtube.com/shorts/lWSba6xp1Nk
How to create the viral AI baby videos #ai #artificialintelligence,Nathan Hodgson,150K views,1 month ago,https://www.youtube.com/shorts/5SGxP0T59-Q
Ai ruined this kid's future lol,John Scott,8M views,7 days ago,https://www.youtube.com/shorts/8s7CdgJDuS0
Special Oreo Be Like! Dwayne x Peele Arnold Ai Edition #aiart #chatgptart #ai #chatgpt,The Wok and Anok,26M views,4 months ago,https://www.youtube.com/shorts/mKjMH1AlG68
AI Basics for Beginners,codebasics,57K views,1 month ago,https://www.youtube.com/watch?v=VGFpV3Qj4as&pp=ygUCQUk%3D
Demis Hassabis On The Future of Work in the Age of AI,WIRED,382K views,2 weeks ago,https://www.youtube.com/watch?v=CRraHg4Ks_g&pp=ygUCQUk%3D
Andrej Karpathy: Software Is Changing (Again),Y Combinator,1M views,5 days ago,https://www.youtube.com/watch?v=LCEmiRjPEtQ&t=1420s&pp=ygUCQUk%3D
I Live With Roaches (Ai Edition) ü™≥ #ai #chatgpt #aiart,ReallyNotAi,21M views,11 months ago,https://www.youtube.com/shorts/YrYoEvbZ6ew
A.I. Has Officially Gone Too Far üòü | Google Veo 3 is INSANE üö®,Edited By Geo,2.1M views,3 weeks ago,https://www.youtube.com/shorts/H7GC_qee6E4
Top 1% Know THIS About AI (You Don't) Ft. Abhijit Chavda On TRS,Ranveer Allahbadia,231K views,10 days ago,https://www.youtube.com/watch?v=oLskTqz0mNk&pp=ygUCQUk%3D
99% of Beginners Don't Know the Basics of AI,Jeff Su,1.7M views,9 months ago,https://www.youtube.com/watch?v=nVyD6THcvDQ&pp=ygUCQUk%3D
AI Agents EXPLAINED In 13 Minutes.,Ishan Sharma,182K views,3 months ago,https://www.youtube.com/watch?v=HISRUrJsD08&pp=ygUCQUk%3D
AI Humanoid Robot Girl Reacts Like a Real Human #robot #ai #shorts,AI Robot Lab,1M views,3 weeks ago,https://www.youtube.com/shorts/awe09zXbzdM
Viral Monkey AI Vlogs Video Kaise Banaye ? How To Make AI Monkey Vlog Video Reels ?,Manoj Dey,1M views,8 days ago,https://www.youtube.com/watch?v=GcWssYaj7z8&pp=ygUCQUk%3D
Midjourney Video is Here: INSANE Cinematic AI Videos With Unique Midjourney Styles,CyberJungle,9.8K views,1 day ago,https://www.youtube.com/watch?v=EEGgS__9iaA&pp=ygUCQUk%3D
How AI Is Replacing Middle-Class Careers,Economy Media,222K views,2 weeks ago,https://www.youtube.com/watch?v=yic4ImNSE3w&pp=ygUCQUk%3D
"He Finally Broke Silence, AI Situation is Worse Than We Thought!",Pourya Kordi,154K views,13 days ago,https://www.youtube.com/watch?v=tdxAi8pt-yU&pp=ygUCQUnSBwkJvgkBhyohjO8%3D
"Godfather of AI: I Tried to Warn Them, But We‚Äôve Already Lost Control! Geoffrey Hinton",The Diary Of A CEO,4.1M views,8 days ago,https://www.youtube.com/watch?v=giT0ytynSqg&pp=ygUCQUk%3D
Ai Video Kaise Banaye || Free Ai Video Generatorüî• #aivideo #shorts #ai #aivideogenerator,Invisible Gyan,383K views,2 weeks ago,https://www.youtube.com/shorts/ekHG5RL9xAQ
AI 2027: A Realistic Scenario of AI Takeover,Species | Documenting AGI,2M views,3 weeks ago,https://www.youtube.com/watch?v=k_onqn68GHY&pp=ygUCQUk%3D
‡§ï‡•ç‡§Ø‡§æ ‡§π‡•ã‡§§‡•Ä ‡§π‡•à GDP ‡§î‡§∞ ‡§á‡§∏‡§ï‡•á ‡§ó‡§ø‡§∞‡§®‡•á ‡§ï‡§æ ‡§Ü‡§™ ‡§™‡§∞ ‡§ï‡•ç‡§Ø‡§æ ‡§π‡•ã‡§§‡§æ ‡§π‡•à ‡§Ö‡§∏‡§∞ ?  | GDP | GNP | NNP | NDP | PPP,Khan GS Research Centre,11M views,4 years ago,https://www.youtube.com/watch?v=wmjvCvqNMOA&pp=ygUCQUk%3D
What is Cloud Computing ?,Apna College,2.3M views,3 years ago,https://www.youtube.com/watch?v=8C_kHJ5YEiA&pp=ygUCQUk%3D
Machine Learning | What Is Machine Learning? | Introduction To Machine Learning | 2024 | Simplilearn,Simplilearn,5M views,6 years ago,https://www.youtube.com/watch?v=ukzFI9rgwfU&pp=ygUCQUk%3D
Ultimate AI Masterclass for Founders and Executives üí∞| Vaibhav Sisinty | Indian Business podcast,Think School,639K views,2 months ago,https://www.youtube.com/watch?v=Rt7qxyDzc_Y&pp=ygUCQUk%3D
Ai Is Only Dangerous For Ai,Facts' Mine,8.5M views,4 months ago,https://www.youtube.com/shorts/KkRZ0PfJ06A
B&W portrait ChatGPT photo idea. Your thoughts? üòè #chatgpt #photo #ai #portraitphotography,Oleksii Melnyk,47K views,6 days ago,https://www.youtube.com/shorts/atQnnVoMT-g
"Google CEO Sundar Pichai on the future of search, AI agents, and selling Chrome",The Verge,615K views,4 weeks ago,https://www.youtube.com/watch?v=1IxG7ywSNXk&pp=ygUCQUk%3D
"OpenAI‚Äôs Sam Altman Talks ChatGPT, AI Agents and Superintelligence ‚Äî Live at TED2025",TED,1.6M views,Streamed 2 months ago,https://www.youtube.com/watch?v=5MWT_doo68k&pp=ygUCQUk%3D
Simon Sinek: You're Being Lied To About AI's Real Purpose! We're Teaching Our Kids To Not Be Human!,The Diary Of A CEO,2.2M views,4 weeks ago,https://www.youtube.com/watch?v=W4tqbEmplug&t=352s&pp=ygUCQUk%3D
Are These People Real Or AI?,Sambucha,5.3M views,2 months ago,https://www.youtube.com/shorts/gtGZnyIXLUk
Computer evolution made with AI #evolution #ai #computer,AI Evolution Visions,11M views,4 months ago,https://www.youtube.com/shorts/Kv8S-sp0f50
AI Becomes Human #fyp #ai #art,The Dubber From Mars,1.6M views,4 days ago,https://www.youtube.com/shorts/w2GsVVqoD9E
üòÅ AI ‡Æö‡Æ£‡Øç‡Æü ‡Æö‡ØÜ‡ÆØ‡Øç‡Æµ‡Øã‡ÆÆ‡Ææ!!! üî• Apple AI Vs Samsung AI #shorts #apple #samsung #ai,Tech SuperStar,3.3M views,2 months ago,https://www.youtube.com/shorts/IqSGXDKD3uE
"The cow warreped in millions of zombies üò≠ saved by farmers ,#ai #trending #farmer #humanity",Catfuntv,8.2M views,3 months ago,https://www.youtube.com/shorts/BAmZJQcYyPo
Portrait photo idea with ChatGPT / P.3   Your thoughts? #chatgpt #ai #prompt #trend #tutorial,Oleksii Melnyk,634K views,12 days ago,https://www.youtube.com/shorts/fEduC1pWh-s
Veo 3 AI Video WILL CHANGE EVERYTHING,Greenskull AI,431K views,4 weeks ago,https://www.youtube.com/shorts/VJTMWxynNVk
Artificial insemination training 7618200015 #ai #cow #farming,Sunil Sheoran  15M,83M views,6 months ago,https://www.youtube.com/shorts/DhSR7d_i3bY
Everyone is wrong about AI hype,HGModernism,60K views,5 days ago,https://www.youtube.com/watch?v=tE610X3weik&pp=ygUCQUk%3D
The Last Stand #ai #medieval #knight,Thalrynn,2.5M views,4 months ago,https://www.youtube.com/shorts/IwyGcv1jBdw
Apple wrote a paper dissing Artificial Intelligence #carterpcs #tech #techtok #techfacts #ai,CarterPCs,501K views,12 days ago,https://www.youtube.com/shorts/GKTve2xq4jI
Can You Tell The Difference: Real Life vs AI? #3 ü§î,hxsain,6.2M views,2 months ago,https://www.youtube.com/shorts/Y4AfqfosYDY
The Most Handsome Men In The World pt5 #shorts #facts #shortvideo #ai #explore #fyp #shortvideo,Smart Shorts AI,1.8M views,2 months ago,https://www.youtube.com/shorts/LfSn8nQWnNE
Trying on Clothes with AI,Marques Brownlee,2.8M views,1 month ago,https://www.youtube.com/shorts/ufZ_u188GAM
9 AI Skills You MUST Have to Become Rich in 2025,Dan Martell,870K views,1 month ago,https://www.youtube.com/watch?v=Eq8JgI3HmjI&pp=ygUCQUk%3D
How Students Can Create Notes using BlackBox AI! #shorts #chatgpt #ai #ani #ytshorts,learn from peers,10M views,1 month ago,https://www.youtube.com/shorts/y-22VgSjxt4
I Spent Thousands Of Dollars On This AI-Generated Ad To See If It Was Real,Sambucha,24M views,2 months ago,https://www.youtube.com/shorts/EStCenW6KT8
What is Agentic AI and why is it important?,David Bombal,148K views,2 weeks ago,https://www.youtube.com/shorts/Vy1HKsbo8as
How I‚Äôd learn AI if I started today,The Cutting Edge School,171K views,2 months ago,https://www.youtube.com/watch?v=jKW7QqUhz8g&pp=ygUCQUk%3D
THE BIG AI UPDATE from Google ü§Ø,Ishan Sharma,75K views,6 months ago,https://www.youtube.com/shorts/hW5IXx6ViOM
Europe according to AI üíÄ,Zdak,3.5M views,11 days ago,https://www.youtube.com/shorts/CPu9bfq0MgU
AI News memes in Tamil Troll üò≤ AI Video in Google Veo üò≤ Today Trending Troll,Today Trending,153K views,1 day ago,https://www.youtube.com/watch?v=K_nfrFTNmWs&pp=ygUCQUk%3D
‡§ê‡§∏‡•á ‡§ï‡•ç‡§∞‡•à‡§∂ ‡§π‡•Å‡§Ü AI 171 ‡§µ‡§ø‡§Æ‡§æ‡§® | Ahmedabad Plane Crash | #aigenerated,News18 India,9.2M views,12 days ago,https://www.youtube.com/shorts/39FdOz0lIR4
AI Crypto Dark Bitcoin Billionaireü§Ø | ft @AbhishekKar | #thisskill #ai #crypto,This Skill,1.4M views,6 months ago,https://www.youtube.com/shorts/3NeebG9yB8Q
The Insane New AI Video Generator that May Be Better Than Google's,JRE Clips,157K views,5 days ago,https://www.youtube.com/watch?v=JiT1_-94Ryw&pp=ygUCQUk%3D
AI Is Getting Scary,PyroLIVE,35K views,3 hours ago,https://www.youtube.com/watch?v=pI_yoyzK9M4&pp=ygUCQUk%3D
Bigfoot VLOG 2. Building a log cabin. Veo 3. #bigfoot #ai #vlog #survival,The World According to AI,346K views,3 weeks ago,https://www.youtube.com/shorts/N41plXbLcg0
Buy an AI Humanoid Robot to Take Care of Your Baby #robot #ai #shorts,AI Robot Lab,11M views,1 month ago,https://www.youtube.com/shorts/XFAngqSLgHY
AI & future of workforce: Andrew Yang on how the technology will impact jobs,CNBC Television,375K views,6 days ago,https://www.youtube.com/watch?v=ypicIkaiViM&pp=ygUCQUk%3D
Orange cat #ai #cats #orangecat,Acorn Studios,2M views,3 months ago,https://www.youtube.com/shorts/cJIMjOhhR2g
The AI Revolution Is Underhyped | Eric Schmidt | TED,TED,1.6M views,1 month ago,https://www.youtube.com/watch?v=id4YRO7G0wE&pp=ygUCQUk%3D
The cutest little animals #cuteanimals #ai #minianimals#shorts,Todd AI Animal,36M views,7 months ago,https://www.youtube.com/shorts/-1BsfNKlsfs
"AI Agents, Clearly Explained",Jeff Su,1.8M views,2 months ago,https://www.youtube.com/watch?v=FwOTs4UxQS4&pp=ygUGQWdlbnRz0gcJCb4JAYcqIYzv
What are AI Agents?,IBM Technology,1.5M views,11 months ago,https://www.youtube.com/watch?v=F8NKVhkZZWI&pp=ygUGQWdlbnRz
AI Agents EXPLAINED In 13 Minutes.,Ishan Sharma,182K views,3 months ago,https://www.youtube.com/watch?v=HISRUrJsD08&pp=ygUGQWdlbnRz
Generative AI Vs Agentic AI Vs AI Agents,Krish Naik,180K views,1 month ago,https://www.youtube.com/watch?v=p4pHsuEf4Ms&pp=ygUGQWdlbnRz
LangGraph Complete Course for Beginners ‚Äì Complex AI Agents with Python,freeCodeCamp.org,131K views,1 month ago,https://www.youtube.com/watch?v=jGg_1h0qzaM&pp=ygUGQWdlbnRz0gcJCb4JAYcqIYzv
Introduction to Intelligent Agents and their types with Example in Artificial Intelligence,Gate Smashers,1M views,6 years ago,https://www.youtube.com/watch?v=BkedAnQfJ_U&pp=ygUGQWdlbnRz
What Are AI Agents Really About?,ByteByteGo,163K views,3 months ago,https://www.youtube.com/watch?v=eHEHE2fpnWQ&pp=ygUGQWdlbnRz
From Zero to Your First AI Agent in 25 Minutes (No Coding),Futurepedia,903K views,1 month ago,https://www.youtube.com/watch?v=EH5jx5qPabU&pp=ygUGQWdlbnRz
Tips for building AI agents,Anthropic,425K views,4 months ago,https://www.youtube.com/watch?v=LP5OCa20Zpg&pp=ygUGQWdlbnRz
AI agents - Building Trust and Managing Risk,Pascal BORNET,5.9K views,1 day ago,https://www.youtube.com/watch?v=clOlCvNqApM&pp=ygUGQWdlbnRz
Agent Development Kit (ADK) Masterclass: Build AI Agents & Automate Workflows (Beginner to Pro),aiwithbrandon,112K views,1 month ago,https://www.youtube.com/watch?v=P4VFL9nIaIA&pp=ygUGQWdlbnRz
How to Build & Sell AI Agents: Ultimate Beginner‚Äôs Guide,Liam Ottley,1M views,2 months ago,https://www.youtube.com/watch?v=w0H1-b044KY&pp=ygUGQWdlbnRz
What is AI Agent in Artificial Intelligence? | AI Agent Explained,codebasics,214K views,9 months ago,https://www.youtube.com/watch?v=2-JV8UxegWE&pp=ygUGQWdlbnRz
Introducing Agent Development Kit,Google for Developers,256K views,2 months ago,https://www.youtube.com/watch?v=zgrOwow_uTQ&pp=ygUGQWdlbnRz0gcJCb4JAYcqIYzv
This AI Agent Just Unlocked SHOCKING Features No AI Has Ever Had Before (Too Powerful),AI Revolution,24K views,1 day ago,https://www.youtube.com/watch?v=x34wZQ-UHtQ&pp=ygUGQWdlbnRz
NEW AI Agent RUNNER H Is TOO Powerful to Be Free (But it is... for now),AI Revolution,47K views,2 weeks ago,https://www.youtube.com/watch?v=6LK8ODybSP0&pp=ygUGQWdlbnRz
AI Agents Fundamentals In 21 Minutes,Tina Huang,1.1M views,4 months ago,https://www.youtube.com/watch?v=qU3fmidNbJE&pp=ygUGQWdlbnRz
I Built the Ultimate Team of Agents in n8n  #artificialintelligence #n8n #agentgpt  #techtok #coding,Nate Herk | AI Automation,263K views,4 months ago,https://www.youtube.com/shorts/2aC2ly7vKtM
"AI Agents: Architecture, Usecases & Future Applications",Gaurav Sen,83K views,2 months ago,https://www.youtube.com/watch?v=VDhQFBxIgtI&pp=ygUGQWdlbnRz
Building Effective Agents with LangGraph,LangChain,117K views,4 months ago,https://www.youtube.com/watch?v=aHCDrAbH_go&pp=ygUGQWdlbnRz
Types / Structure of agents in artificial intelligence in Hindi üî•üî•,Perfect Computer Engineer,140K views,3 years ago,https://www.youtube.com/watch?v=WNrymh1jzGk&pp=ygUGQWdlbnRz
Building AI Agents In 44 Minutes,Tina Huang,215K views,2 months ago,https://www.youtube.com/watch?v=_Udb5NC6vTI&pp=ygUGQWdlbnRz0gcJCb4JAYcqIYzv
Everything You Need To Know About AI Agents,The Coding Sloth,38K views,1 month ago,https://www.youtube.com/watch?v=XBuv4HHTRjI&pp=ygUGQWdlbnRz
The FBI agents üòÇ,Onevilage,287K views,10 days ago,https://www.youtube.com/shorts/_h7qbx6R43U
5 simple AI Agents you must have - beginners guide,David Ondrej,143K views,1 month ago,https://www.youtube.com/watch?v=WLvQCIUWebs&pp=ygUGQWdlbnRz
This AI Agent Just Replaced Indian Software Agencies Like TCS/Wipro/Infosys!?,Varun Mayya,382K views,1 year ago,https://www.youtube.com/shorts/7mcJ4gEIYgU
"How We Build Effective Agents: Barry Zhang, Anthropic",AI Engineer,227K views,2 months ago,https://www.youtube.com/watch?v=D7_ipDqhtwk&pp=ygUGQWdlbnRz
Kai Cenat Asks Chefs Not To Put Pork In Agents Food Since He‚Äôs Muslim! ‚ù§Ô∏è,DaPlug,13M views,1 month ago,https://www.youtube.com/shorts/cVRbQb42ePI
ICE agents seen staging near Dodger Stadium amid reports of more immigration raids across LA County,ABC7,52K views,5 days ago,https://www.youtube.com/watch?v=FqqiYosF-og&pp=ygUGQWdlbnRz
Building Agents with Model Context Protocol - Full Workshop with Mahesh Murag of Anthropic,AI Engineer,236K views,3 months ago,https://www.youtube.com/watch?v=kQmXtrmQ5Zg&pp=ygUGQWdlbnRz
I Built an AI Agent that Builds Teams of Agents in n8n (free template),Nate Herk | AI Automation,43K views,6 days ago,https://www.youtube.com/watch?v=Ik8OHT3w4pE&pp=ygUGQWdlbnRz
Agent and ExtraEmily react to the melody change in Tota's rap songüî•#tota #agent #extraemily #shorts,PlaqueBoyMaxsSkiMask,1.2M views,5 days ago,https://www.youtube.com/shorts/3xFDEPN1bjw
Andrew Ng: State of AI Agents | LangChain Interrupt,LangChain,185K views,3 weeks ago,https://www.youtube.com/watch?v=4pYzYmSdSH4&pp=ygUGQWdlbnRz
Fake ICE Agents #ice #fake #mask #imposter,Hawk's Podcasts / mdg650hawk,107K views,12 days ago,https://www.youtube.com/shorts/iKM2eiWQ6yA
AI Agents Tutorial For Beginners,codebasics,259K views,6 months ago,https://www.youtube.com/watch?v=EUey9L9sgzE&pp=ygUGQWdlbnRz
The Next Breakthrough In AI Agents Is Here,Y Combinator,259K views,2 months ago,https://www.youtube.com/watch?v=JOYSDqJdiro&pp=ygUGQWdlbnRz
It's easy to create AI Agents,Neil Patel,70K views,3 months ago,https://www.youtube.com/shorts/WfIJhS_1xIk
Sam Altman on the Two Outcomes for AI Agents,All-In Podcast Clips,18K views,1 year ago,https://www.youtube.com/shorts/_4jVeVkUOzs
Build Everything with AI Agents: Here's How,David Ondrej,1.6M views,5 months ago,https://www.youtube.com/watch?v=XVO3zsHdvio&pp=ygUGQWdlbnRz
#pov young agent black interacts with young agent red during their training,Andrea‚ô°,8.6M views,2 years ago,https://www.youtube.com/shorts/63eKX-N2JpE
3 BEST Agents for Beginners! #valorant,Sena,268K views,1 year ago,https://www.youtube.com/shorts/WFNijMqhRcg
Top 5 Most POPULAR Agents in VALORANT! #valorant,Sena,1.6M views,8 months ago,https://www.youtube.com/shorts/JMg89QZN3wo
The Crazy Valorant Agent Concept | #shorts #valorant #valorantagents,PANTH3R,948K views,1 year ago,https://www.youtube.com/shorts/LoO2swiOe8c
"42 Kenyans Killed In The Hands Of Security Agents, By June 2025 - Grace Wangechi, IMLU",NTV Kenya,584 views,10 hours ago,https://www.youtube.com/watch?v=LewsXh62_8g&pp=ygUGQWdlbnRz
AI Agent Insights From 72 Hours of Expert Panels,Tina Huang,21K views,1 day ago,https://www.youtube.com/watch?v=PL5QnLrOjqk&pp=ygUGQWdlbnRz
AI Agents Fundamentals In 21 Minutes,Tina Huang,1.1M views,4 months ago,https://www.youtube.com/watch?v=qU3fmidNbJE&pp=ygUGQWdlbnRz
Everything You Need To Know About AI Agents,The Coding Sloth,38K views,1 month ago,https://www.youtube.com/watch?v=XBuv4HHTRjI&pp=ygUGQWdlbnRz
Karpathy vs. McKinsey: The Truth About AI Agents (Software 3.0),AI News & Strategy Daily | Nate B Jones,14K views,1 day ago,https://www.youtube.com/watch?v=xZX4KHrqwhM&pp=ygUGQWdlbnRz
Which VALORANT Agent is the BEST? ü§î,nikimii,543K views,1 year ago,https://www.youtube.com/shorts/GaQp5PRWmHc
U.S. citizen confronting agents during a sweep is arrested,Los Angeles Times,2M views,5 days ago,https://www.youtube.com/shorts/SFBAGIaoz4c
Agent listens to ExtraEmily order at drive thru,extra emily,1M views,4 weeks ago,https://www.youtube.com/shorts/uMNbfcEps_s
The Best Solo Queue Agent in VALORANT!,The Guard,515K views,2 years ago,https://www.youtube.com/shorts/zZBMlvH4fxc
The Haircut üòÇüíî,Agent Of Laughter,1.1M views,4 months ago,https://www.youtube.com/shorts/xikea49JesU
